continent,2010_population, 2010_population_density
South America,380024562,23.72498390239024
North America,505581737,23.542125303018025
Africa,901529814,37.068700565650076
Oceania,37176851,4.3777396750542374
Asia,4066850410,99.22741309962267
Europe,704784295,128.7807898560576
continent,2100_population
South America,628786756
North America,756911497
Africa,2017855806
Oceania,45906518
Asia,5847484884
Europe,442854296
