continent,population_difference
South America,248762194,0.6545950416752273
North America,251329760,0.49711004493819366
Africa,1116325992,1.2382574316061388
Oceania,8729667,0.2348145893260298
Asia,1780634474,0.437841153345987
Europe,-261929999,-0.37164562385715477
