continent,population_density
Africa,37.068700565650076
Europe,128.7807898560576
Oceania,4.3777396750542374
South America,23.72498390239024
North America,23.542125303018025
Asia,99.22741309962267
